{
	"description": "项目配置文件。",
	"setting": {
		"urlCheck": false,
		"es6": true,
		"postcss": true,
		"minified": true,
		"newFeature": true
	},
	"compileType": "miniprogram",
	"libVersion": "1.6.6",
	"appid": "wx3e64cdb50d6a5096",
	"projectname": "bdy",
	"condition": {
		"search": {
			"current": -1,
			"list": []
		},
		"conversation": {
			"current": -1,
			"list": []
		},
		"plugin": {
			"current": -1,
			"list": []
		},
		"game": {
			"current": -1,
			"list": []
		},
		"miniprogram": {
			"current": -1,
			"list": [
				{
					"id": -1,
					"name": "comment",
					"pathName": "pages/comment/comment",
					"query": ""
				},
				{
					"id": -1,
					"name": "aboutme",
					"pathName": "pages/aboutme/aboutme",
					"query": ""
				}
			]
		}
	}
}